product,e암보험(비갱신),e시그니처암(종합),e시그니처건강보험(암뇌심),
input,암,암수술비 보장,2대질환보험,
,암보험,수술보장보험,3대진단비다이렉트,
,20대암보험,수술보장특약,3대진단비보험,
,30대암보험,수술보험,3대질병,
,40대암보험,수술비만보장,3대질병보험,
,50대암보험,수술비보장,3대질병보험추천,
,추천암보험,수술비보장보험,3대질환보험뇌경색보험,
,40대 암진단비 보험,수술비보험비교,뇌경색증,
,50대 암진단금 보장,수술비보험한화,뇌경색진단비,
,여성암,수술비보험한화생명,뇌관련보험,
,남성암,수술비암보험,뇌동맥류보험,
,간편암,수술비용보장,뇌보험,
,유병자 보험,수술비용보장보험,뇌심건강보험,
,유병자,수술비용보험,뇌심보험,
,유병자 암보험,수술비특약,뇌심암보험,
,유병력,수술비특약보험,뇌심장보험,
,환자,수술비플랜,뇌심장질환보험,
,암진단비 보험,수술진단보험,뇌심혈관보험,
,암진단보험,수술특약,뇌심혈관질환보험,
,암진단비보장,수술특약보험,뇌전증보험,
,암진단특약,암입원 특약,뇌전증보험가입,
,암진단비만보장,암입원비 보험,뇌졸중보험,
,암진단비보험비교,입원비 보장,뇌질환보험,
,암진단비보험,입원보장보험,뇌출혈보험,
,암진단보험추천,입원보장특약,뇌출혈진단비,
,암진단비플랜,입원보험,뇌혈관보험,
,비갱신 암보험,입원비만보장,뇌혈관심혈관보험,
,비갱신형 암보험,입원비보장,뇌혈관진단비,
,갱신 없는 암보험,입원비보장보험,뇌혈관질환보험,
,갱신X 암보험,입원비보험비교,뇌혈관질환보험추천,
,보험료 고정 암보험,입원비보험한화,뇌혈관질환진단비,
,보험료 변동 없는 암보험,입원비보험한화생명,뇌혈관질환허혈성심장질환보험,
,만기 100세 암보험,입원비암보험,종합건강보험추천,
,100세 만기 암보험,입원비용보장,종합보험허혈성,
,유병,입원비용보장보험,허혈성보험,
,암진단,입원비용보험,허혈성심장질환보험,
,비갱신암,입원비특약,허혈성질환보험,
,유병자보험,입원비특약보험,혈관질환,
,비갱신,입원비플랜,암뇌심,
,,입원진단보험,종합건강보험,
,,입원특약,건강,
,,입원특약보험,건강보험,
,,치료비보장,뇌심,
,,치료보장보험,심혈관,
,,치료보장특약,혈관,
,,치료보험,뇌전증,
,,치료비만보장,뇌혈관,
,,치료비보장보험,뇌출혈,
,,치료비보험비교,뇌심장,
,,치료비보험한화,,
,,치료비보험한화생명,,
,,치료비암보험,,
,,치료비용보장,,
,,치료비용보장보험,,
,,치료비용보험,,
,,치료비특약,,
,,치료비특약보험,,
,,치료비플랜,,
,,치료진단보험,,
,,치료특약,,
,,치료특약보험,,
,,암통원 특약,,
,,통원비보장,,
,,통원보장보험,,
,,통원보장특약,,
,,통원보험,,
,,통원비만보장,,
,,통원비보장보험,,
,,통원비보험비교,,
,,통원비보험한화,,
,,통원비보험한화생명,,
,,통원비암보험,,
,,통원비용보장,,
,,통원비용보장보험,,
,,통원비용보험,,
,,통원비특약,,
,,통원비특약보험,,
,,통원비플랜,,
,,통원진단보험,,
,,통원특약,,
,,통원특약보험,,
,,암통원치료비 보험,,
,,통합암진단,,
,,통합암진단비,,
,,통합암진단보험,,
,,통합암진단특약,,
,,통합암진단비보장,,
,,통합암진단비보험,,
,,통합암진단비특약,,
,,통합암진단보장보험,,
,,통합암진단비플랜,,
,,통합암진단비비교,,
,,통합암진단보장,,
,,통합암진단특약보험,,
,,통합암진단플랜,,
,,통합암진단보험한화,,
,,통합암진단보험한화생명,,
,,통합암진단암보험,,
,,통합암진단보장특약,,
,,통합암진단비한화,,
,,통합암진단비한화생명,,
,,통합암진단상품,,
,,항암약물치료,,
,,항암방사선치료,,
,,표적항암치료,,
,,항암 보험,,
,,다빈치 로봇수술 보험,,
,,위암 보험,,
,,위암 진단비,,
,,간암 보험,,
,,간암 진단비,,
,,폐암 보험,,
,,폐암 진단비,,
,,대장암 보험,,
,,대장암 진단비,,
,,췌장암 보험,,
,,췌장암 보장,,
,,혈액암 보험,,
,,백혈병 보험,,
,,백혈병 진단비 보장,,
,,뇌암 보험,,
,,중추신경계암 보험,,
,,뇌종양 진단비,,
,,유방암 보험,,
,,자궁암 보험,,
,,난소암 보험,,
,,여성암 보장 보험,,
,,전립선암 보험,,
,,고환암 보험,,
,,남성암 보장 보험,,
,,식도암 보험,,
,,담도암 보험,,
,,담낭암 보험,,
,,신장암 보험,,
,,방광암 보험,,
,,갑상선암 보험,,
,,피부암 보험,,
,,중추신경,,
,,표적항암,,
,,항암,,
,,표적,,
,,다빈치,,
,,위암,,
,,간암,,
,,폐암,,
,,대장,,
,,췌장,,
,,혈액,,
,,백혈병,,
,,백혈,,
,,뇌암,,
,,중추,,
,,뇌종양,,
,,유방,,
,,자궁,,
,,난소,,
,,여성,,
,,전립,,
,,고환,,
,,남성,,
,,식도,,
,,담도,,
,,담낭,,
,,신장,,
,,방광,,
,,갑상선,,
,,피부,,
,,대장암,,
,,췌장암,,
,,혈액암,,
,,뇌암 ,,
,,유방암,,
,,자궁암,,
,,난소암,,
,,전립선,,
,,고환암,,
,,식도암,,
,,담도암,,
,,담낭암,,
,,신장암,,
,,방광암,,
,,피부암,,
,,중추신경계,,
,,암수술,,
,,수술,,
,,수술비,,
,,수술비용,,
,,입원,,
,,암입원,,
,,치료,,
,,암통원,,
,,통원,,
,,통합,,
,,통합암,,
,,전립선암,,
,,e,,
,,e시,,
,,시그니처,,
,,e암,,
,,암치료,,
,,뇌,,